topic,title,pmid,doi,pubmed_url
Cancer Immunotherapy Resistance,Mechanisms of Cancer Resistance to Immunotherapy,32850400,,https://pubmed.ncbi.nlm.nih.gov/32850400/
Cancer Immunotherapy Resistance,"Cancer immunotherapy resistance based on immune checkpoints inhibitors: Targets, biomarkers, and remedies",32736034,10.1016/j.phrs.2020.104890,https://pubmed.ncbi.nlm.nih.gov/32736034/
Cancer Immunotherapy Resistance,Defining and Understanding Adaptive Resistance in Cancer Immunotherapy,29802087,10.1016/j.it.2018.05.001,https://pubmed.ncbi.nlm.nih.gov/29802087/
Cancer Immunotherapy Resistance,Immunotherapy resistance in solid tumors: mechanisms and potential solutions,38389121,10.1080/15384047.2024.2315655,https://pubmed.ncbi.nlm.nih.gov/38389121/
Antibiotic Resistance,Antimicrobial resistance: a global multifaceted phenomenon,26343252,10.1179/2047773215Y.0000000030,https://pubmed.ncbi.nlm.nih.gov/26343252/
Antibiotic Resistance,A review of current antibiotic resistance and promising antibiotics with novel modes of action to combat antibiotic resistance,37863957,10.1007/s00203-023-03699-2,https://pubmed.ncbi.nlm.nih.gov/37863957/
Antibiotic Resistance,Novel drug candidates against antibiotic-resistant microorganisms: A review,38234674,10.22038/IJBMS.2023.71672.15593,https://pubmed.ncbi.nlm.nih.gov/38234674/
Antibiotic Resistance,Combatting antibiotic resistance: challenges and emerging therapeutic strategies,41653009,10.1080/17460913.2026.2627823,https://pubmed.ncbi.nlm.nih.gov/41653009/
Alzheimer's Disease Biomarkers,Overview of the blood biomarkers in Alzheimer's disease: Promises and challenges,36371265,,https://pubmed.ncbi.nlm.nih.gov/36371265/
Alzheimer's Disease Biomarkers,Blood-based biomarkers for Alzheimer's disease-An update,30352211,,https://pubmed.ncbi.nlm.nih.gov/30352211/
Alzheimer's Disease Biomarkers,Biomarkers for Alzheimer's disease across diverse biological domains: an umbrella review and evidence map,40680830,10.1016/j.jare.2025.07.022,https://pubmed.ncbi.nlm.nih.gov/40680830/
Drug Repurposing for Cancer,Drug Repurposing for Cancer Treatment: A Comprehensive Review,39596504,10.3390/ijms252212441,https://pubmed.ncbi.nlm.nih.gov/39596504/
Drug Repurposing for Cancer,Drug Repurposing in Oncology: A Systematic Review of Randomized Controlled Clinical Trials,37296934,10.3390/cancers15112972,https://pubmed.ncbi.nlm.nih.gov/37296934/
Drug Repurposing for Cancer,Drug repurposing in oncology: a path beyond the bottleneck,40849858,10.1007/s12032-025-02994-w,https://pubmed.ncbi.nlm.nih.gov/40849858/
Drug Repurposing for Cancer,Drug repurposing in cancer,28712971,10.1016/j.phrs.2017.07.013,https://pubmed.ncbi.nlm.nih.gov/28712971/
CRISPR Gene Therapy,Therapeutic applications of CRISPR/Cas9 system in gene therapy,29704220,10.1007/s10529-018-2555-y,https://pubmed.ncbi.nlm.nih.gov/29704220/
CRISPR Gene Therapy,CRISPR-derived genome editing therapies: Progress from bench to bedside,34619370,,https://pubmed.ncbi.nlm.nih.gov/34619370/
CRISPR Gene Therapy,The molecular mechanism of CRISPR/Cas9 system and its application in gene therapy of human diseases,26496749,,https://pubmed.ncbi.nlm.nih.gov/26496749/
Tuberculosis Drug Resistance,Evolution of drug resistance in Mycobacterium tuberculosis: a review on the molecular determinants of resistance and implications for personalized care,29360989,10.1093/jac/dkx506,https://pubmed.ncbi.nlm.nih.gov/29360989/
Tuberculosis Drug Resistance,Drug resistant Tuberculosis: A review,33249329,10.1016/j.cimid.2020.101574,https://pubmed.ncbi.nlm.nih.gov/33249329/
Tuberculosis Drug Resistance,"Drug resistant tuberculosis: Implications for transmission, diagnosis, and disease management",36211964,10.3389/fcimb.2022.943545,https://pubmed.ncbi.nlm.nih.gov/36211964/
Tuberculosis Drug Resistance,Tuberculosis drug resistance profiling based on machine learning: A literature review,35176257,10.1016/j.bjid.2022.102332,https://pubmed.ncbi.nlm.nih.gov/35176257/
CAR-T Cell Therapy,"A guide to CAR T cell therapies: development, current status and future prospects",42393377,10.1038/s41577-026-01322-1,https://pubmed.ncbi.nlm.nih.gov/42393377/
CAR-T Cell Therapy,"CAR-T cell therapy in cancer immunotherapy - Biology, clinical successes, and emerging challenges: A review",42189068,10.17305/bb.2026.14266,https://pubmed.ncbi.nlm.nih.gov/42189068/
CAR-T Cell Therapy,CAR-T Cell Therapy: Challenges and Optimization,33822526,10.1615/CritRevImmunol.2021037253,https://pubmed.ncbi.nlm.nih.gov/33822526/
CAR-T Cell Therapy,FDA-approved CAR T-cell Therapy: A Decade of Progress and Challenges,39034731,,https://pubmed.ncbi.nlm.nih.gov/39034731/
Diabetes Treatment Response,A review of treatment response in type 2 diabetes: assessing the role of patient heterogeneity,20920036,10.1111/j.1463-1326.2010.01248.x,https://pubmed.ncbi.nlm.nih.gov/20920036/
Diabetes Treatment Response,"Heterogeneity of Pre-diabetes and Type 2 Diabetes: Implications for Prediction, Prevention and Treatment Responsiveness",25877695,10.2174/1573399811666150416122903,https://pubmed.ncbi.nlm.nih.gov/25877695/
Diabetes Treatment Response,Toward Personalized Medicine in Type 1 Diabetes: Understanding How Patient Heterogeneity Influences Therapeutic Efficacy,41913320,10.1111/dom.70711,https://pubmed.ncbi.nlm.nih.gov/41913320/
Personalized Cancer Treatment,Personalized cancer treatment and the myth of KRAS wild-type colon tumors,23636143,,https://pubmed.ncbi.nlm.nih.gov/23636143/
Personalized Cancer Treatment,Revolutionizing personalized cancer treatment: the synergy of next-generation sequencing and CRISPR/Cas9,38708901,10.1080/17410541.2024.2341610,https://pubmed.ncbi.nlm.nih.gov/38708901/
Personalized Cancer Treatment,Personalized cancer treatment for ovarian cancer,23679252,10.7314/APJCP.2013.14.3.1661,https://pubmed.ncbi.nlm.nih.gov/23679252/
Vaccine Effectiveness,Effectiveness of interventions to improve vaccine efficacy: a systematic review and meta-analysis,40346627,10.1186/s13643-025-02856-6,https://pubmed.ncbi.nlm.nih.gov/40346627/
Vaccine Effectiveness,"Tracking vaccine effectiveness in an evolving pandemic, countering misleading hot takes and epidemiologic fallacies",39218423,10.1093/aje/kwae280,https://pubmed.ncbi.nlm.nih.gov/39218423/
Parkinson's Disease Treatment,Parkinson's Disease: Current Treatment Modalities and Emerging Therapies,39803037,10.7759/cureus.75647,https://pubmed.ncbi.nlm.nih.gov/39803037/
Parkinson's Disease Treatment,Emerging therapies in Parkinson disease - repurposed drugs and new approaches,30867588,10.1038/s41582-019-0155-7,https://pubmed.ncbi.nlm.nih.gov/30867588/
Parkinson's Disease Treatment,Some Novel Therapies in Parkinson's Disease: A Promising Path Forward or Not Yet? A Systematic Review of the Literature,38540162,10.3390/biomedicines12030549,https://pubmed.ncbi.nlm.nih.gov/38540162/
Parkinson's Disease Treatment,A Systematic Review on Disease-Modifying Therapies in Parkinsonian Disorders,42104724,10.1002/cpt.70315,https://pubmed.ncbi.nlm.nih.gov/42104724/
Heart Failure Treatment,Advances in Diagnosis and Treatment of Acute and Chronic Heart Failure: A Comprehensive Review,41598556,10.3390/jcm15020618,https://pubmed.ncbi.nlm.nih.gov/41598556/
Heart Failure Treatment,Pharmacologic Treatment of Heart Failure With Reduced Ejection Fraction: An Updated Systematic Review and Network Meta-Analysis,40892608,10.1016/j.jacc.2025.08.054,https://pubmed.ncbi.nlm.nih.gov/40892608/
Heart Failure Treatment,Update on heart failure management and future directions,30612416,10.3904/kjim.2018.428,https://pubmed.ncbi.nlm.nih.gov/30612416/
Heart Failure Treatment,"Initiation and Up-titration of Guideline-directed Medical Therapy for Patients with Heart Failure: Better, Faster, Stronger!",38533397,10.15420/cfr.2023.20,https://pubmed.ncbi.nlm.nih.gov/38533397/
Breast Cancer Biomarkers,"Breast cancer biomarkers: risk assessment, diagnosis, prognosis, prediction of treatment efficacy and toxicity, and recurrence",24283956,10.2174/1381612819666131125145517,https://pubmed.ncbi.nlm.nih.gov/24283956/
Nanoparticle Drug Delivery,Nanoparticle-Based Drug Delivery Systems: Current Advances and Future Directions,40947723,10.2174/0113894501393535250903071153,https://pubmed.ncbi.nlm.nih.gov/40947723/
Nanoparticle Drug Delivery,Nanoparticle Drug Delivery Systems: The Future Direction for the Treatment of Tumors,42226962,10.2147/IJN.S598126,https://pubmed.ncbi.nlm.nih.gov/42226962/
Autoimmune Disease Treatment,Autoimmune Diseases: Molecular Pathogenesis and Therapeutic Targets,40529617,,https://pubmed.ncbi.nlm.nih.gov/40529617/
Autoimmune Disease Treatment,Targeted Immunotherapy for Autoimmune Disease,35291650,10.4110/in.2022.22.e9,https://pubmed.ncbi.nlm.nih.gov/35291650/
Autoimmune Disease Treatment,"Autoimmune diseases: targets, biology, and drug discovery",38097717,10.1038/s41401-023-01207-2,https://pubmed.ncbi.nlm.nih.gov/38097717/
Autoimmune Disease Treatment,The treatment strategies of autoimmune disease may need a different approach from conventional protocol: a review,23248391,10.4103/0253-7613.103235,https://pubmed.ncbi.nlm.nih.gov/23248391/
